canonical_stock_id,ticker,company_name,cik,active_years
NASDAQ100:AAPL,AAPL,Apple Inc.,0000320193,"[2020, 2021, 2022, 2023]"
NASDAQ100:ABNB,ABNB,"Airbnb, Inc.",0001559720,"[2021, 2022, 2023]"
NASDAQ100:ADBE,ADBE,ADOBE INC.,0000796343,"[2020, 2021, 2022, 2023]"
NASDAQ100:ADI,ADI,ANALOG DEVICES INC,0000006281,"[2020, 2021, 2022, 2023]"
NASDAQ100:ADP,ADP,AUTOMATIC DATA PROCESSING INC,0000008670,"[2020, 2021, 2022, 2023]"
NASDAQ100:ADSK,ADSK,"Autodesk, Inc.",0000769397,"[2020, 2021, 2022, 2023]"
NASDAQ100:AEP,AEP,AMERICAN ELECTRIC POWER CO INC,0000004904,"[2020, 2021, 2022, 2023]"
NASDAQ100:ALGN,ALGN,ALIGN TECHNOLOGY INC,0001097149,"[2020, 2021, 2022]"
NASDAQ100:AMAT,AMAT,APPLIED MATERIALS INC /DE,0000006951,"[2020, 2021, 2022, 2023]"
NASDAQ100:AMD,AMD,ADVANCED MICRO DEVICES INC,0000002488,"[2020, 2021, 2022, 2023]"
NASDAQ100:AMGN,AMGN,AMGEN INC,0000318154,"[2020, 2021, 2022, 2023]"
NASDAQ100:AMZN,AMZN,AMAZON COM INC,0001018724,"[2020, 2021, 2022, 2023]"
NASDAQ100:ANSS,ANSS,"Ansys, Inc.",0001013462,"[2020, 2021, 2022, 2023]"
NASDAQ100:ASML,ASML,ASML HOLDING NV,0000937966,"[2020, 2021, 2022, 2023]"
NASDAQ100:AVGO,AVGO,Broadcom Inc.,0001730168,"[2020, 2021, 2022, 2023]"
NASDAQ100:AZN,AZN,ASTRAZENECA PLC,0000901832,"[2020, 2021, 2022, 2023]"
NASDAQ100:BIDU,BIDU,"Baidu, Inc.",0001329099,"[2020, 2021]"
NASDAQ100:BIIB,BIIB,BIOGEN INC.,0000875045,"[2020, 2021, 2022, 2023]"
NASDAQ100:BKNG,BKNG,Booking Holdings Inc.,0001075531,"[2020, 2021, 2022, 2023]"
NASDAQ100:BKR,BKR,Baker Hughes Co,0001701605,"[2022, 2023]"
NASDAQ100:CCEP,CCEP,COCA-COLA EUROPACIFIC PARTNERS plc,0001650107,[2023]
NASDAQ100:CDNS,CDNS,CADENCE DESIGN SYSTEMS INC,0000813672,"[2020, 2021, 2022, 2023]"
NASDAQ100:CDW,CDW,CDW Corp,0001402057,"[2020, 2023]"
NASDAQ100:CEG,CEG,Constellation Energy Corp,0001868275,"[2020, 2021, 2022, 2023]"
NASDAQ100:CERN,CERN,Cerner Corporation,0000804753,[2020]
NASDAQ100:CHKP,CHKP,CHECK POINT SOFTWARE TECHNOLOGIES LTD,0001015922,[2020]
NASDAQ100:CHTR,CHTR,"CHARTER COMMUNICATIONS, INC. /MO/",0001091667,"[2020, 2021, 2022, 2023]"
NASDAQ100:CMCSA,CMCSA,COMCAST CORP,0001166691,"[2020, 2021, 2022, 2023]"
NASDAQ100:COST,COST,COSTCO WHOLESALE CORP /NEW,0000909832,"[2020, 2021, 2022, 2023]"
NASDAQ100:CPRT,CPRT,COPART INC,0000900075,"[2020, 2021, 2022, 2023]"
NASDAQ100:CRWD,CRWD,"CrowdStrike Holdings, Inc.",0001535527,"[2020, 2021, 2022, 2023]"
NASDAQ100:CSCO,CSCO,"CISCO SYSTEMS, INC.",0000858877,"[2020, 2021, 2022, 2023]"
NASDAQ100:CSGP,CSGP,"COSTAR GROUP, INC.",0001057352,"[2022, 2023]"
NASDAQ100:CSX,CSX,CSX CORP,0000277948,"[2020, 2021, 2022, 2023]"
NASDAQ100:CTAS,CTAS,CINTAS CORP,0000723254,"[2020, 2021, 2022, 2023]"
NASDAQ100:CTSH,CTSH,COGNIZANT TECHNOLOGY SOLUTIONS CORP,0001058290,"[2020, 2021, 2022, 2023]"
NASDAQ100:DASH,DASH,"DoorDash, Inc.",0001792789,[2023]
NASDAQ100:DDOG,DDOG,"Datadog, Inc.",0001561550,"[2021, 2022, 2023]"
NASDAQ100:DLTR,DLTR,"DOLLAR TREE, INC.",0000935703,"[2020, 2021, 2022, 2023]"
NASDAQ100:DOCU,DOCU,"DOCUSIGN, INC.",0001261333,"[2020, 2021]"
NASDAQ100:DXCM,DXCM,DEXCOM INC,0001093557,"[2020, 2021, 2022, 2023]"
NASDAQ100:EA,EA,ELECTRONIC ARTS INC.,0000712515,"[2020, 2021, 2022, 2023]"
NASDAQ100:EBAY,EBAY,EBAY INC,0001065088,"[2020, 2021, 2022]"
NASDAQ100:ENPH,ENPH,"Enphase Energy, Inc.",0001463101,"[2020, 2021, 2022]"
NASDAQ100:EXC,EXC,EXELON CORP,0001109357,"[2020, 2021, 2022, 2023]"
NASDAQ100:FANG,FANG,"Diamondback Energy, Inc.",0001539838,"[2022, 2023]"
NASDAQ100:FAST,FAST,FASTENAL CO,0000815556,"[2020, 2021, 2022, 2023]"
NASDAQ100:FOX,FOX,Fox Corp,0001754301,[2020]
NASDAQ100:FOXA,FOXA,Fox Corp,0001754301,[2020]
NASDAQ100:FTNT,FTNT,"Fortinet, Inc.",0001262039,"[2021, 2022, 2023]"
NASDAQ100:GEHC,GEHC,GE HealthCare Technologies Inc.,0001932393,"[2020, 2021, 2022, 2023]"
NASDAQ100:GFS,GFS,GLOBALFOUNDRIES Inc.,0001709048,"[2022, 2023]"
NASDAQ100:GILD,GILD,"GILEAD SCIENCES, INC.",0000882095,"[2020, 2021, 2022, 2023]"
NASDAQ100:GOOG,GOOG,Alphabet Inc.,0001652044,"[2020, 2021, 2022, 2023]"
NASDAQ100:GOOGL,GOOGL,Alphabet Inc.,0001652044,"[2020, 2021, 2022, 2023]"
NASDAQ100:HON,HON,HONEYWELL INTERNATIONAL INC,0000773840,"[2020, 2021, 2022, 2023]"
NASDAQ100:IDXX,IDXX,IDEXX LABORATORIES INC /DE,0000874716,"[2020, 2021, 2022, 2023]"
NASDAQ100:ILMN,ILMN,"ILLUMINA, INC.",0001110803,"[2020, 2021, 2022, 2023]"
NASDAQ100:INCY,INCY,INCYTE CORP,0000879169,[2020]
NASDAQ100:INTC,INTC,INTEL CORP,0000050863,"[2020, 2021, 2022, 2023]"
NASDAQ100:INTU,INTU,INTUIT INC.,0000896878,"[2020, 2021, 2022, 2023]"
NASDAQ100:ISRG,ISRG,INTUITIVE SURGICAL INC,0001035267,"[2020, 2021, 2022, 2023]"
NASDAQ100:JD,JD,"JD.com, Inc.",0001549802,"[2020, 2021, 2022]"
NASDAQ100:KDP,KDP,Keurig Dr Pepper Inc.,0001418135,"[2020, 2021, 2022, 2023]"
NASDAQ100:KHC,KHC,Kraft Heinz Co,0001637459,"[2020, 2021, 2022, 2023]"
NASDAQ100:KLAC,KLAC,KLA CORP,0000319201,"[2020, 2021, 2022, 2023]"
NASDAQ100:LCID,LCID,"Lucid Group, Inc.",0001811210,"[2021, 2022]"
NASDAQ100:LRCX,LRCX,LAM RESEARCH CORP,0000707549,"[2020, 2021, 2022, 2023]"
NASDAQ100:LULU,LULU,lululemon athletica inc.,0001397187,"[2020, 2021, 2022, 2023]"
NASDAQ100:MAR,MAR,MARRIOTT INTERNATIONAL INC /MD/,0001048286,"[2020, 2021, 2022, 2023]"
NASDAQ100:MCHP,MCHP,MICROCHIP TECHNOLOGY INC,0000827054,"[2020, 2021, 2022, 2023]"
NASDAQ100:MDB,MDB,"MongoDB, Inc.",0001441816,[2023]
NASDAQ100:MDLZ,MDLZ,"Mondelez International, Inc.",0001103982,"[2020, 2021, 2022, 2023]"
NASDAQ100:MELI,MELI,MERCADOLIBRE INC,0001099590,"[2020, 2021, 2022, 2023]"
NASDAQ100:META,META,"Meta Platforms, Inc.",0001326801,"[2020, 2021, 2022, 2023]"
NASDAQ100:MNST,MNST,Monster Beverage Corp,0000865752,"[2020, 2021, 2022, 2023]"
NASDAQ100:MRNA,MRNA,"Moderna, Inc.",0001682852,"[2020, 2021, 2022, 2023]"
NASDAQ100:MRVL,MRVL,"Marvell Technology, Inc.",0001835632,"[2020, 2021, 2022, 2023]"
NASDAQ100:MSFT,MSFT,MICROSOFT CORP,0000789019,"[2020, 2021, 2022, 2023]"
NASDAQ100:MTCH,MTCH,"Match Group, Inc.",0000891103,"[2020, 2021]"
NASDAQ100:MU,MU,MICRON TECHNOLOGY INC,0000723125,"[2020, 2021, 2022, 2023]"
NASDAQ100:NFLX,NFLX,NETFLIX INC,0001065280,"[2020, 2021, 2022, 2023]"
NASDAQ100:NTES,NTES,"NetEase, Inc.",0001110646,"[2020, 2021]"
NASDAQ100:NVDA,NVDA,NVIDIA CORP,0001045810,"[2020, 2021, 2022, 2023]"
NASDAQ100:NXPI,NXPI,NXP Semiconductors N.V.,0001413447,"[2020, 2021, 2022, 2023]"
NASDAQ100:ODFL,ODFL,"OLD DOMINION FREIGHT LINE, INC.",0000878927,"[2020, 2021, 2022, 2023]"
NASDAQ100:ON,ON,ON SEMICONDUCTOR CORP,0001097864,"[2020, 2021, 2022, 2023]"
NASDAQ100:ORLY,ORLY,O REILLY AUTOMOTIVE INC,0000898173,"[2020, 2021, 2022, 2023]"
NASDAQ100:PANW,PANW,Palo Alto Networks Inc,0001327567,"[2021, 2022, 2023]"
NASDAQ100:PAYX,PAYX,PAYCHEX INC,0000723531,"[2020, 2021, 2022, 2023]"
NASDAQ100:PCAR,PCAR,PACCAR INC,0000075362,"[2020, 2021, 2022, 2023]"
NASDAQ100:PDD,PDD,PDD Holdings Inc.,0001737806,"[2020, 2021, 2022, 2023]"
NASDAQ100:PEP,PEP,PEPSICO INC,0000077476,"[2020, 2021, 2022, 2023]"
NASDAQ100:PYPL,PYPL,"PayPal Holdings, Inc.",0001633917,"[2020, 2021, 2022, 2023]"
NASDAQ100:QCOM,QCOM,QUALCOMM INC/DE,0000804328,"[2020, 2021, 2022, 2023]"
NASDAQ100:REGN,REGN,"REGENERON PHARMACEUTICALS, INC.",0000872589,"[2020, 2021, 2022, 2023]"
NASDAQ100:ROP,ROP,ROPER TECHNOLOGIES INC,0000882835,[2023]
NASDAQ100:ROST,ROST,"ROSS STORES, INC.",0000745732,"[2020, 2021, 2022, 2023]"
NASDAQ100:SBUX,SBUX,STARBUCKS CORP,0000829224,"[2020, 2021, 2022, 2023]"
NASDAQ100:SGEN,SGEN,Seagen Inc.,0001060736,"[2020, 2021, 2022]"
NASDAQ100:SIRI,SIRI,SIRIUS XM HOLDINGS INC.,0000908937,"[2020, 2021, 2022, 2023]"
NASDAQ100:SNPS,SNPS,SYNOPSYS INC,0000883241,"[2020, 2021, 2022, 2023]"
NASDAQ100:SPLK,SPLK,Splunk Inc.,0001353283,"[2020, 2021, 2023]"
NASDAQ100:SWKS,SWKS,"SKYWORKS SOLUTIONS, INC.",0000004127,"[2020, 2021]"
NASDAQ100:TCOM,TCOM,Trip.com Group Ltd,0001269238,[2020]
NASDAQ100:TEAM,TEAM,Atlassian Corp,0001650372,"[2020, 2021, 2022, 2023]"
NASDAQ100:TMUS,TMUS,"T-Mobile US, Inc.",0001283699,"[2020, 2021, 2022, 2023]"
NASDAQ100:TSLA,TSLA,"Tesla, Inc.",0001318605,"[2020, 2021, 2022, 2023]"
NASDAQ100:TTD,TTD,"Trade Desk, Inc.",0001671933,"[2020, 2021, 2022, 2023]"
NASDAQ100:TTWO,TTWO,TAKE TWO INTERACTIVE SOFTWARE INC,0000946581,[2023]
NASDAQ100:TXN,TXN,TEXAS INSTRUMENTS INC,0000097476,"[2020, 2021, 2022, 2023]"
NASDAQ100:VRSK,VRSK,"Verisk Analytics, Inc.",0001442145,"[2020, 2021, 2022, 2023]"
NASDAQ100:VRSN,VRSN,VERISIGN INC/CA,0001014473,"[2020, 2021]"
NASDAQ100:VRTX,VRTX,VERTEX PHARMACEUTICALS INC / MA,0000875320,"[2020, 2021, 2022, 2023]"
NASDAQ100:WBA,WBA,"Walgreens Boots Alliance, Inc.",0001618921,"[2020, 2021, 2022, 2023]"
NASDAQ100:WBD,WBD,"Warner Bros. Discovery, Inc.",0001437107,"[2022, 2023]"
NASDAQ100:WDAY,WDAY,"Workday, Inc.",0001327811,"[2020, 2021, 2022, 2023]"
NASDAQ100:XEL,XEL,XCEL ENERGY INC,0000072903,"[2020, 2021, 2022, 2023]"
NASDAQ100:ZM,ZM,"Zoom Communications, Inc.",0001585521,"[2020, 2021, 2022]"
NASDAQ100:ZS,ZS,"Zscaler, Inc.",0001713683,"[2021, 2022, 2023]"
